patientId,x,y,width,height,Target
020380f8-5c5a-4ded-bdf3-9ce3036945b4,283.0,453.0,157.0,273.0,1
020380f8-5c5a-4ded-bdf3-9ce3036945b4,642.0,460.0,167.0,258.0,1
03249840-0a17-448c-bf41-7e156428ab59,730.0,265.0,115.0,223.0,1
03249840-0a17-448c-bf41-7e156428ab59,349.0,277.0,122.0,309.0,1
06893030-14ab-456d-a22d-05070773e370,634.0,314.0,220.0,309.0,1
06893030-14ab-456d-a22d-05070773e370,266.0,310.0,221.0,290.0,1
068b608d-f71c-4859-b909-62c1665b507f,181.0,106.0,220.0,265.0,1
06a4f477-34ca-4625-945b-81bfa9e77273,512.0,355.0,313.0,619.0,1
06cc9b59-b8ff-4a6b-9e5b-f127c7c1208d,154.0,495.0,263.0,253.0,1
08d8e57a-4835-445b-8c79-8dd31ab17819,115.0,577.0,354.0,210.0,1
08d8e57a-4835-445b-8c79-8dd31ab17819,583.0,334.0,339.0,269.0,1
08da8f40-b186-473b-9fa3-1caa4ecdc02b,132.0,98.0,282.0,774.0,1
08da8f40-b186-473b-9fa3-1caa4ecdc02b,496.0,130.0,394.0,755.0,1
09137a8c-017a-4bc3-8195-1d152b992cd0,251.0,108.0,274.0,636.0,1
09137a8c-017a-4bc3-8195-1d152b992cd0,615.0,149.0,308.0,652.0,1
0949d712-9d3c-424a-99b5-423a598d8b97,654.0,465.0,132.0,137.0,1
0a9c4c04-5918-48da-9ba1-b2a3add66ae9,529.0,228.0,305.0,529.0,1
0a9c4c04-5918-48da-9ba1-b2a3add66ae9,92.0,141.0,347.0,527.0,1
0adcbadd-6b95-4692-bdfb-6a03d51af237,544.0,80.0,265.0,428.0,1
0af9ad69-4d76-4de9-b93a-294478a97866,657.0,313.0,211.0,447.0,1
0af9ad69-4d76-4de9-b93a-294478a97866,273.0,386.0,224.0,307.0,1
0bed2d9d-8a11-41d9-b312-41f8c93791f7,256.0,209.0,197.0,245.0,1
0c15e437-7eea-4ed1-b1d8-124f79cc1893,262.0,186.0,187.0,395.0,1
0f831256-0a69-4fe5-9719-1563d2b6b7b9,166.0,535.0,134.0,279.0,1
1004476c-1b00-4ccd-9c72-193b6a048e15,672.0,672.0,154.0,246.0,1
1004476c-1b00-4ccd-9c72-193b6a048e15,223.0,680.0,151.0,203.0,1
10866808-61ec-41fa-aefd-89eedfbaec04,286.0,446.0,218.0,273.0,1
10866808-61ec-41fa-aefd-89eedfbaec04,670.0,420.0,219.0,386.0,1
142c7419-9cd2-4436-8860-cd2c4355abff,582.0,385.0,271.0,444.0,1
142c7419-9cd2-4436-8860-cd2c4355abff,123.0,432.0,256.0,304.0,1
1636e48a-74eb-48d3-9a84-83f99af0a1fc,232.0,159.0,216.0,534.0,1
1636e48a-74eb-48d3-9a84-83f99af0a1fc,565.0,176.0,299.0,488.0,1
16e5a578-1e41-4fa1-ba13-bf18051625cc,128.0,455.0,306.0,396.0,1
16e5a578-1e41-4fa1-ba13-bf18051625cc,581.0,405.0,292.0,421.0,1
17af8e70-3af0-4a47-a5ba-f16938c87c7e,153.0,418.0,220.0,449.0,1
1f393b78-0251-4f0c-8ca7-39fc54f8ddc2,676.0,459.0,166.0,99.0,1
1f45c8c0-4475-45e9-85e5-0cf139d0572b,599.0,478.0,212.0,119.0,1
2090a3aa-9ba3-42a2-baa3-f0bfa4f783f8,588.0,253.0,268.0,461.0,1
2090a3aa-9ba3-42a2-baa3-f0bfa4f783f8,202.0,328.0,206.0,387.0,1
25651f11-e9b6-423e-a9d0-d20347cb4caf,643.0,301.0,185.0,478.0,1
25651f11-e9b6-423e-a9d0-d20347cb4caf,197.0,108.0,204.0,548.0,1
2cafbcf4-4191-44a1-b81e-b3b6c75ecc7d,298.0,266.0,117.0,84.0,1
3239951b-6211-4290-b237-3d9ad17176db,511.0,249.0,188.0,232.0,1
3239951b-6211-4290-b237-3d9ad17176db,558.0,649.0,174.0,186.0,1
3239951b-6211-4290-b237-3d9ad17176db,152.0,661.0,191.0,145.0,1
3239951b-6211-4290-b237-3d9ad17176db,198.0,370.0,204.0,205.0,1
32c3e235-1885-4aad-b4ad-2ef8583fbb78,604.0,676.0,193.0,153.0,1
3397d218-ad10-49dd-a3e0-9b1ee6d3d91d,107.0,550.0,248.0,148.0,1
339907f7-5f76-40b4-8476-9c3460417d16,622.0,421.0,283.0,402.0,1
339907f7-5f76-40b4-8476-9c3460417d16,148.0,486.0,256.0,320.0,1
3460d66e-b863-4d11-8d55-14b559ec1588,719.0,500.0,263.0,302.0,1
3460d66e-b863-4d11-8d55-14b559ec1588,287.0,332.0,307.0,594.0,1
34aca5a7-7786-4060-afea-cf31d8fc05d6,567.0,611.0,235.0,152.0,1
34aca5a7-7786-4060-afea-cf31d8fc05d6,152.0,625.0,184.0,140.0,1
34c83691-e038-4b28-b2c3-7fe99d4783c8,632.0,228.0,204.0,536.0,1
34c83691-e038-4b28-b2c3-7fe99d4783c8,348.0,281.0,165.0,314.0,1
36200569-a271-4fcf-819b-1bd00e626534,669.0,256.0,307.0,471.0,1
36200569-a271-4fcf-819b-1bd00e626534,258.0,207.0,264.0,478.0,1
36fb7333-2dbf-4be3-a424-6739b2090dee,600.0,479.0,270.0,256.0,1
36fb7333-2dbf-4be3-a424-6739b2090dee,262.0,514.0,209.0,204.0,1
37f025d9-05c0-4e27-9a75-2e6a2085fa30,680.0,506.0,163.0,146.0,1
3999dbf4-b2a0-45b9-9ee6-5f62f5bd27c9,607.0,370.0,312.0,542.0,1
3999dbf4-b2a0-45b9-9ee6-5f62f5bd27c9,228.0,527.0,259.0,434.0,1
39a52f1d-c8ca-4d68-8b84-817f382febdc,577.0,245.0,219.0,613.0,1
39a52f1d-c8ca-4d68-8b84-817f382febdc,236.0,143.0,223.0,585.0,1
39ced0d0-246c-430d-9bea-efc60bfa487c,228.0,505.0,241.0,177.0,1
3a58fb6d-911e-419c-b00e-b7d29918baf1,298.0,532.0,123.0,129.0,1
3a5c1a62-279d-4c69-b3e5-394e34518b73,541.0,140.0,280.0,627.0,1
3a5c1a62-279d-4c69-b3e5-394e34518b73,130.0,80.0,300.0,668.0,1
3b01037c-d534-4829-9ec8-81119a652602,642.0,277.0,243.0,406.0,1
3b01037c-d534-4829-9ec8-81119a652602,315.0,309.0,226.0,429.0,1
3b4b5587-e5b3-4609-83a7-acf33a0b5803,592.0,324.0,253.0,540.0,1
3b4b5587-e5b3-4609-83a7-acf33a0b5803,203.0,329.0,254.0,536.0,1
3ccd18df-0b1a-4a0b-ad46-00b602382ba6,553.0,225.0,296.0,515.0,1
3cf1aff4-8d32-498b-a7fe-d2a6a5292d3c,577.0,143.0,267.0,497.0,1
3cf1aff4-8d32-498b-a7fe-d2a6a5292d3c,212.0,126.0,251.0,455.0,1
3d070009-c877-4ed4-ac80-53781cb30fef,173.0,134.0,259.0,662.0,1
3d070009-c877-4ed4-ac80-53781cb30fef,573.0,123.0,328.0,708.0,1
3ecaa81f-9128-4e65-951a-091280adb30d,261.0,373.0,228.0,295.0,1
3ecaa81f-9128-4e65-951a-091280adb30d,592.0,208.0,247.0,422.0,1
3ee66e0c-e360-4e76-ba81-b65f8600ae32,683.0,326.0,226.0,366.0,1
3ee66e0c-e360-4e76-ba81-b65f8600ae32,277.0,346.0,241.0,230.0,1
3f2b878e-9e3b-410b-a739-b43d81b98692,200.0,372.0,189.0,242.0,1
3f2b878e-9e3b-410b-a739-b43d81b98692,566.0,583.0,115.0,73.0,1
3f30761d-5615-4039-a155-0fd26f461742,196.0,457.0,264.0,230.0,1
3f37ab54-2eae-4feb-9831-4fbfe65a0229,545.0,526.0,276.0,209.0,1
3f37ab54-2eae-4feb-9831-4fbfe65a0229,108.0,536.0,236.0,212.0,1
4007ffd5-5e8e-403d-8755-72ecaa2fce43,614.0,521.0,198.0,187.0,1
4007ffd5-5e8e-403d-8755-72ecaa2fce43,127.0,362.0,192.0,184.0,1
40c31d96-78f1-4d21-984b-db5c143a43e4,290.0,555.0,150.0,158.0,1
44c3f553-5e5d-4a75-852b-2f8b8315270e,614.0,258.0,274.0,424.0,1
44c3f553-5e5d-4a75-852b-2f8b8315270e,261.0,222.0,249.0,491.0,1
4672156e-25e5-4bf4-8891-9e0e4a742c49,619.0,315.0,255.0,340.0,1
4672156e-25e5-4bf4-8891-9e0e4a742c49,324.0,313.0,192.0,333.0,1
47b6aa0b-bd34-42a0-a0ad-469a1c6e3e1e,261.0,73.0,182.0,373.0,1
47b6aa0b-bd34-42a0-a0ad-469a1c6e3e1e,554.0,220.0,226.0,346.0,1
4c645f41-0960-4544-9ec5-706d70db8c54,217.0,257.0,222.0,374.0,1
4c645f41-0960-4544-9ec5-706d70db8c54,543.0,283.0,268.0,420.0,1
5003f421-e6d3-4c2c-b713-eba27a9078c2,218.0,340.0,254.0,424.0,1
5003f421-e6d3-4c2c-b713-eba27a9078c2,523.0,288.0,279.0,472.0,1
52816546-4463-4a7f-a120-7d492a86a524,562.0,221.0,263.0,252.0,1
53e69b04-f8ec-467c-911d-a039065ec631,225.0,313.0,223.0,364.0,1
55211b4b-62e6-4d9f-8b0b-72525ed68e6f,662.0,391.0,289.0,396.0,1
55211b4b-62e6-4d9f-8b0b-72525ed68e6f,267.0,344.0,292.0,383.0,1
564eac4e-bec9-4cd6-94cb-cc6ba78983b9,588.0,370.0,245.0,312.0,1
56511fc0-4881-4ba9-bb78-d5b3a600cf6f,217.0,231.0,224.0,280.0,1
58e3c190-8ab1-465c-bf3e-22a2deb0b9f2,635.0,592.0,230.0,289.0,1
58e3c190-8ab1-465c-bf3e-22a2deb0b9f2,228.0,411.0,198.0,256.0,1
594df72e-4237-41a1-8712-73f91c596cb4,202.0,369.0,241.0,244.0,1
5973a2ae-a2f9-404e-930d-0d7c96f756ef,275.0,198.0,174.0,490.0,1
5973a2ae-a2f9-404e-930d-0d7c96f756ef,645.0,201.0,199.0,570.0,1
59cdf0f8-72cf-414c-8c16-1140498012c0,624.0,525.0,149.0,130.0,1
59cdf0f8-72cf-414c-8c16-1140498012c0,212.0,576.0,186.0,120.0,1
59fbc2d1-41a6-4a64-ade7-9b951273184e,534.0,369.0,264.0,380.0,1
5b1b89b6-59e7-4275-b68a-5c0c4704d668,590.0,321.0,177.0,223.0,1
5e3c7f02-5622-4d7d-83a3-6555eb5839d3,633.0,282.0,210.0,386.0,1
5e3c7f02-5622-4d7d-83a3-6555eb5839d3,125.0,506.0,267.0,298.0,1
5ed67fd4-8c5e-45ef-9d0c-1f8fef1e2fc2,268.0,470.0,231.0,356.0,1
5ed67fd4-8c5e-45ef-9d0c-1f8fef1e2fc2,762.0,446.0,191.0,296.0,1
5f1863c0-7804-419a-878d-b9719f354b22,651.0,469.0,137.0,104.0,1
5f47b009-71fc-40d5-8c16-278331ecb652,636.0,450.0,248.0,415.0,1
5f47b009-71fc-40d5-8c16-278331ecb652,192.0,308.0,212.0,456.0,1
647b7bbc-5cfb-4776-b157-838a4264d318,244.0,528.0,218.0,236.0,1
6735932c-c8ca-45d5-be56-1ff682a3182e,145.0,714.0,169.0,126.0,1
6dad7d7d-5e28-408b-9315-a74c48d88097,220.0,414.0,142.0,120.0,1
6e2aacb3-74b4-4909-afd1-5e9765df303a,125.0,252.0,213.0,370.0,1
6e2aacb3-74b4-4909-afd1-5e9765df303a,506.0,454.0,195.0,406.0,1
6ec7e05c-1bbe-40ae-8d65-ec917da68f16,288.0,193.0,145.0,260.0,1
6ec7e05c-1bbe-40ae-8d65-ec917da68f16,188.0,479.0,185.0,187.0,1
6ec7e05c-1bbe-40ae-8d65-ec917da68f16,645.0,198.0,171.0,377.0,1
6f0d2ff9-c0dc-48c3-a944-1f18dc185e1f,178.0,637.0,206.0,225.0,1
6f964e55-2f17-4361-b6f2-3af8e5d6e55a,591.0,271.0,199.0,474.0,1
6f964e55-2f17-4361-b6f2-3af8e5d6e55a,228.0,256.0,215.0,396.0,1
71212080-ccc5-4e0f-bfc1-95710057baea,124.0,786.0,250.0,126.0,1
7302e6f8-50b1-4b00-a299-c5d1dc4c1c76,648.0,616.0,182.0,243.0,1
7302e6f8-50b1-4b00-a299-c5d1dc4c1c76,193.0,556.0,213.0,265.0,1
73b46983-7780-4d82-874a-d9255dd639cb,744.0,588.0,137.0,142.0,1
73b46983-7780-4d82-874a-d9255dd639cb,220.0,608.0,175.0,126.0,1
76cf9b95-b598-4788-9a10-77061046ef98,621.0,370.0,147.0,157.0,1
7759e7ae-641f-4504-b373-95a8763dc59a,286.0,211.0,135.0,122.0,1
7759e7ae-641f-4504-b373-95a8763dc59a,687.0,314.0,95.0,128.0,1
775c8468-399e-49a9-9fe4-07e75071abe7,126.0,453.0,220.0,331.0,1
77762e93-073c-405f-bca5-0f1fd339bf4c,315.0,593.0,137.0,210.0,1
77762e93-073c-405f-bca5-0f1fd339bf4c,709.0,325.0,148.0,292.0,1
77762e93-073c-405f-bca5-0f1fd339bf4c,320.0,292.0,188.0,236.0,1
79bb5ea3-ca6c-4d75-a379-a6ee6c6da659,337.0,464.0,146.0,80.0,1
7a477b7b-f2d2-40ac-a20d-661887491d6b,695.0,373.0,187.0,257.0,1
7bb1c647-d8d1-4640-b495-f41c4d2a34ca,333.0,688.0,189.0,232.0,1
7c142fbc-8cd2-4b09-a687-c0253a2a3b06,291.0,549.0,105.0,90.0,1
7e4e7293-a984-462e-8d9f-c7a30863dae2,207.0,463.0,160.0,309.0,1
7e4e7293-a984-462e-8d9f-c7a30863dae2,526.0,493.0,133.0,344.0,1
8182a93c-4137-4fcb-b983-9814e7a09926,140.0,631.0,232.0,207.0,1
8182a93c-4137-4fcb-b983-9814e7a09926,585.0,658.0,233.0,173.0,1
81a51c71-28ab-4a62-bb1b-458117d8234c,243.0,413.0,206.0,448.0,1
84309ddd-319f-4e6d-b312-2bc70537b074,591.0,471.0,197.0,254.0,1
852156be-0aab-4dc7-95d6-eda950096d0f,191.0,595.0,235.0,116.0,1
852156be-0aab-4dc7-95d6-eda950096d0f,664.0,563.0,238.0,199.0,1
8768a800-28e8-4ae4-83ba-2f4326b2d3ac,598.0,242.0,308.0,550.0,1
8768a800-28e8-4ae4-83ba-2f4326b2d3ac,220.0,205.0,216.0,161.0,1
8782c8e0-8592-47e0-95df-ee8224d6dec8,162.0,530.0,264.0,362.0,1
8782c8e0-8592-47e0-95df-ee8224d6dec8,535.0,437.0,317.0,520.0,1
8c984367-b094-429a-b8cf-a9aba99e8ff9,168.0,144.0,247.0,586.0,1
8d48694a-f998-4043-bc98-63a3c18527f2,481.0,232.0,329.0,642.0,1
8d48694a-f998-4043-bc98-63a3c18527f2,87.0,246.0,321.0,486.0,1
91c00a0a-b2fc-446c-930a-0567100f54e7,572.0,398.0,304.0,284.0,1
91c00a0a-b2fc-446c-930a-0567100f54e7,228.0,296.0,276.0,428.0,1
93351a14-30a7-494c-a02b-7f2d72c724c8,612.0,161.0,228.0,552.0,1
93351a14-30a7-494c-a02b-7f2d72c724c8,266.0,101.0,226.0,548.0,1
93a95c68-c487-4e09-89e2-6e3849e44886,288.0,364.0,199.0,289.0,1
93a95c68-c487-4e09-89e2-6e3849e44886,535.0,378.0,197.0,349.0,1
94a7ba94-9251-42c8-84b6-c3cac85a78ec,65.0,467.0,336.0,482.0,1
94a7ba94-9251-42c8-84b6-c3cac85a78ec,590.0,104.0,280.0,614.0,1
96f34fa9-0e56-4fdb-bfd7-781d8c453bcb,276.0,203.0,192.0,260.0,1
972128de-cda3-4ede-a5a1-61c05bfe49b2,204.0,516.0,240.0,385.0,1
98325e35-8c87-418b-a7c3-81b1180e85ea,242.0,451.0,261.0,235.0,1
9c3ec0a7-6816-46e0-b797-8412bacea535,573.0,281.0,225.0,209.0,1
9e7bd306-471d-4c5c-aa53-a9d24e0779bc,555.0,515.0,229.0,358.0,1
9e7bd306-471d-4c5c-aa53-a9d24e0779bc,163.0,423.0,202.0,402.0,1
a2a84bc3-c75b-4df6-840d-e118b61594d4,627.0,548.0,249.0,236.0,1
a2a84bc3-c75b-4df6-840d-e118b61594d4,186.0,349.0,290.0,395.0,1
a37dc7a9-8b22-461b-99d2-c77109da8220,619.0,617.0,247.0,309.0,1
a37dc7a9-8b22-461b-99d2-c77109da8220,190.0,706.0,239.0,275.0,1
a3c04f4d-3621-4679-872b-fad6dd79a4f8,606.0,547.0,185.0,255.0,1
a3e9eaec-d502-4e5d-abc9-bb5e28742b83,110.0,255.0,228.0,412.0,1
a3e9eaec-d502-4e5d-abc9-bb5e28742b83,432.0,471.0,264.0,292.0,1
a41249dd-3195-4d4d-bcaa-7ea2178e2d68,588.0,341.0,256.0,419.0,1
a41249dd-3195-4d4d-bcaa-7ea2178e2d68,153.0,204.0,262.0,546.0,1
a5a07f9f-959f-4210-ac86-6cdab44b099b,584.0,504.0,282.0,269.0,1
a6905106-5479-4725-b81f-532376d24222,675.0,451.0,300.0,363.0,1
a6905106-5479-4725-b81f-532376d24222,179.0,387.0,266.0,493.0,1
a74060c8-870a-47e1-9bc9-c1226caf9a87,158.0,261.0,194.0,309.0,1
a797f1b9-aa61-4ee3-91f2-e8a823d42b1a,163.0,149.0,264.0,693.0,1
a797f1b9-aa61-4ee3-91f2-e8a823d42b1a,551.0,159.0,277.0,750.0,1
a9bf1010-e610-4b41-814d-99a4250d00c3,506.0,76.0,256.0,486.0,1
a9bf1010-e610-4b41-814d-99a4250d00c3,116.0,63.0,256.0,645.0,1
aaa04d93-39da-47c1-8736-a1a2c85114af,258.0,299.0,153.0,149.0,1
ab6619ee-546c-4245-be8d-6e0eece3581a,608.0,283.0,214.0,574.0,1
ab6619ee-546c-4245-be8d-6e0eece3581a,249.0,203.0,216.0,602.0,1
ae3f4d88-7880-40a1-aa43-4481dbc330ea,158.0,154.0,283.0,491.0,1
ae3f4d88-7880-40a1-aa43-4481dbc330ea,552.0,160.0,277.0,558.0,1
afff57ee-fdb2-408a-a01e-7814931892e0,260.0,141.0,187.0,556.0,1
afff57ee-fdb2-408a-a01e-7814931892e0,638.0,245.0,266.0,551.0,1
b00b6900-8b72-41db-a443-e1fbce442336,36.0,476.0,305.0,226.0,1
b00b6900-8b72-41db-a443-e1fbce442336,675.0,440.0,303.0,243.0,1
b1a36998-390d-45e5-bd85-21c2c33690f3,155.0,174.0,223.0,575.0,1
b267ae3f-b52c-403c-be9d-c8ac9070020e,653.0,435.0,235.0,266.0,1
b2753475-d0b2-4dde-8a7b-311e1db27397,594.0,143.0,127.0,149.0,1
b2753475-d0b2-4dde-8a7b-311e1db27397,701.0,651.0,167.0,210.0,1
b35dfbda-395c-4c9d-befb-331f6ac3da84,99.0,227.0,262.0,616.0,1
b35dfbda-395c-4c9d-befb-331f6ac3da84,546.0,275.0,360.0,664.0,1
b3e8a708-d8e1-434e-92ca-5d5e79aca86e,108.0,346.0,256.0,469.0,1
b3e8a708-d8e1-434e-92ca-5d5e79aca86e,616.0,380.0,306.0,416.0,1
b4299b1e-7fb8-479d-8754-0a8fa6463400,601.0,235.0,384.0,468.0,1
b4299b1e-7fb8-479d-8754-0a8fa6463400,86.0,232.0,381.0,459.0,1
b468a5c0-3e86-46d9-84f1-8a0dea47c854,178.0,169.0,245.0,499.0,1
b468a5c0-3e86-46d9-84f1-8a0dea47c854,585.0,257.0,282.0,531.0,1
b4f66208-8c31-433c-9f82-72104bc35112,272.0,425.0,124.0,172.0,1
b58b5574-d66b-4b28-8ca3-137768b44c84,174.0,545.0,192.0,171.0,1
b58b5574-d66b-4b28-8ca3-137768b44c84,626.0,409.0,234.0,218.0,1
b7069aa5-9e33-4918-aba2-f76b0abef6a4,151.0,476.0,262.0,179.0,1
b7069aa5-9e33-4918-aba2-f76b0abef6a4,646.0,483.0,260.0,217.0,1
b8a563db-5bfd-4638-9b55-30c3a230485f,285.0,430.0,162.0,160.0,1
b8a563db-5bfd-4638-9b55-30c3a230485f,626.0,457.0,238.0,161.0,1
b9c3ed83-82f0-47da-9aed-aaff0034c718,114.0,232.0,283.0,534.0,1
b9c3ed83-82f0-47da-9aed-aaff0034c718,544.0,229.0,250.0,524.0,1
ba185597-bb80-4b69-938e-4bff4b87d366,250.0,487.0,162.0,292.0,1
ba185597-bb80-4b69-938e-4bff4b87d366,610.0,492.0,302.0,325.0,1
ba29c8c8-c116-4b8e-b8d6-ec870ca9f9e5,272.0,457.0,219.0,364.0,1
ba63abc0-5a00-4ebd-9a89-0972ea1cb7d5,593.0,77.0,327.0,634.0,1
ba63abc0-5a00-4ebd-9a89-0972ea1cb7d5,187.0,88.0,328.0,631.0,1
ba8d3130-4063-4339-bbfa-474259060f5b,644.0,333.0,295.0,297.0,1
ba8d3130-4063-4339-bbfa-474259060f5b,295.0,352.0,223.0,340.0,1
bb1648ed-992f-482f-b3a7-0a21237c8972,225.0,442.0,206.0,216.0,1
bb1648ed-992f-482f-b3a7-0a21237c8972,556.0,280.0,195.0,362.0,1
bb6164ee-9b30-4b94-85ca-5f9d94b2ce4a,655.0,184.0,235.0,581.0,1
bb6164ee-9b30-4b94-85ca-5f9d94b2ce4a,270.0,182.0,239.0,508.0,1
bbc0f839-6707-42f6-9e56-c3f555d6b9c0,590.0,378.0,227.0,365.0,1
bbc0f839-6707-42f6-9e56-c3f555d6b9c0,271.0,205.0,173.0,468.0,1
bca2c151-2431-4595-80c7-75480a196c6e,328.0,415.0,129.0,226.0,1
bcee03c8-2ff9-4b01-a6d6-a4ee99565d81,229.0,334.0,205.0,363.0,1
bcee03c8-2ff9-4b01-a6d6-a4ee99565d81,609.0,266.0,201.0,670.0,1
bdbba1b5-1a3f-4ee4-9044-565baba3f976,664.0,248.0,177.0,520.0,1
bdbba1b5-1a3f-4ee4-9044-565baba3f976,243.0,180.0,234.0,548.0,1
be108ff0-e920-4b6e-901d-ce8a800f6191,605.0,273.0,246.0,451.0,1
be108ff0-e920-4b6e-901d-ce8a800f6191,240.0,267.0,214.0,413.0,1
be367de2-d888-41df-90bd-82baaa80541f,200.0,392.0,247.0,275.0,1
be367de2-d888-41df-90bd-82baaa80541f,606.0,425.0,240.0,215.0,1
bf11da89-d0f0-4c1b-b486-d82bbcb91ed4,659.0,239.0,214.0,380.0,1
bf11da89-d0f0-4c1b-b486-d82bbcb91ed4,227.0,228.0,237.0,331.0,1
bf1e2342-1f62-4f96-a616-e0a279d9ba42,259.0,288.0,236.0,444.0,1
bf1e2342-1f62-4f96-a616-e0a279d9ba42,659.0,301.0,251.0,488.0,1
bf6071e6-0a92-4896-83bf-f0f24cd1b4d6,600.0,481.0,192.0,289.0,1
bf999eaa-6bce-46f8-be87-1dc34ca20e97,651.0,467.0,163.0,166.0,1
bf999eaa-6bce-46f8-be87-1dc34ca20e97,302.0,360.0,124.0,233.0,1
c2ed72cd-0390-46c3-ac73-601b1a875d5d,591.0,365.0,239.0,549.0,1
c2ed72cd-0390-46c3-ac73-601b1a875d5d,143.0,334.0,270.0,589.0,1
c2ee643f-0568-4816-9fa5-19d50cde5386,624.0,195.0,206.0,396.0,1
c573cb3e-54e6-4ff0-bda4-1fd7621ee0cf,174.0,248.0,279.0,460.0,1
c573cb3e-54e6-4ff0-bda4-1fd7621ee0cf,578.0,240.0,301.0,545.0,1
c574a647-fb1f-4344-9568-892f4d66f4ed,586.0,556.0,317.0,386.0,1
c69ffd64-16bf-4237-b169-f7bab69978e4,127.0,180.0,335.0,358.0,1
ca1470f8-20fe-4e11-ad99-9c83248e7b11,577.0,173.0,269.0,502.0,1
cd4f439d-61be-4ecb-bc27-383f9cd29569,255.0,447.0,256.0,352.0,1
cd4f439d-61be-4ecb-bc27-383f9cd29569,597.0,482.0,256.0,333.0,1
cd7ed4b2-eae7-4fef-ba8d-5c1825efc0f7,583.0,465.0,215.0,173.0,1
cf1ea4a8-9530-4ddf-969d-c5570838ae11,607.0,307.0,268.0,417.0,1
cf1ea4a8-9530-4ddf-969d-c5570838ae11,238.0,215.0,245.0,404.0,1
d03f855d-a0b8-45b9-afdb-8844186c11eb,181.0,230.0,265.0,450.0,1
d03f855d-a0b8-45b9-afdb-8844186c11eb,542.0,237.0,262.0,474.0,1
d16488a8-5cfd-4051-bb2c-d7f7c88009e2,192.0,420.0,360.0,218.0,1
d173cb76-6a90-471e-bb22-dbe16573ce6c,146.0,466.0,245.0,188.0,1
d187294d-3dff-4de1-9bef-90a4f4c76cef,505.0,173.0,267.0,441.0,1
d187294d-3dff-4de1-9bef-90a4f4c76cef,201.0,160.0,255.0,449.0,1
d27e22bc-ba0f-434f-a4f5-cdd9a24e598f,220.0,456.0,285.0,379.0,1
d561ede1-9992-4d20-a935-53a32a8c05d1,55.0,514.0,279.0,289.0,1
d5d46405-ff85-46fa-9c3b-2c21ad366f76,709.0,534.0,96.0,65.0,1
d974dbc0-5e7d-4aac-bda5-f29096aeeb5a,82.0,554.0,181.0,205.0,1
db4414d8-4ce8-4e92-b543-e9d42883f58b,195.0,452.0,120.0,170.0,1
dda53143-9bcc-4c5f-aca6-970626733e17,242.0,570.0,156.0,65.0,1
de0ee373-dd0c-4f75-aa2c-c356d203696e,181.0,240.0,215.0,211.0,1
dfed644c-9548-465a-b962-78ead3498f38,600.0,348.0,206.0,464.0,1
dfed644c-9548-465a-b962-78ead3498f38,209.0,326.0,243.0,404.0,1
e6a3f420-39d4-4042-8485-87024e7fb4f3,230.0,659.0,200.0,116.0,1
e6a3f420-39d4-4042-8485-87024e7fb4f3,718.0,590.0,132.0,197.0,1
e6a3f420-39d4-4042-8485-87024e7fb4f3,338.0,204.0,140.0,171.0,1
e8659775-8a7f-40c1-a3a9-abdc85ba4fd4,180.0,477.0,148.0,248.0,1
eadbf3c9-f034-4b29-9a46-b90a16978a2a,615.0,457.0,197.0,303.0,1
ed38283d-165f-481b-bbb3-5532450b82c1,599.0,220.0,167.0,185.0,1
ed38283d-165f-481b-bbb3-5532450b82c1,246.0,596.0,216.0,204.0,1
ef7cd600-75c9-4b07-bb0e-f66e857fdafa,654.0,514.0,170.0,191.0,1
f21a2acc-e6f1-4132-b094-83c9e94a5e7d,597.0,361.0,193.0,319.0,1
f21a2acc-e6f1-4132-b094-83c9e94a5e7d,198.0,430.0,184.0,223.0,1
f27252da-ac5d-46b2-8df9-32e09763574b,133.0,282.0,152.0,189.0,1
f27252da-ac5d-46b2-8df9-32e09763574b,486.0,123.0,192.0,239.0,1
f4ed7de6-fcbb-425f-9a20-9ef2dda05d78,278.0,421.0,121.0,175.0,1
f638a33c-ee3e-4179-a095-4fec05ab51e5,244.0,220.0,222.0,420.0,1
f638a33c-ee3e-4179-a095-4fec05ab51e5,593.0,214.0,223.0,469.0,1
f73ff426-6e28-476e-82c6-31d3603a1cc3,655.0,610.0,191.0,177.0,1
f957afbf-fa78-47a0-942c-17b2f5262fc9,608.0,521.0,159.0,206.0,1
f957afbf-fa78-47a0-942c-17b2f5262fc9,271.0,524.0,171.0,165.0,1
f9883384-de94-4687-8c57-69d2e4a37c82,274.0,404.0,206.0,296.0,1
f9bf7579-e589-4953-bd68-d92f44f0aa95,189.0,409.0,217.0,238.0,1
fb8167ad-76f8-4f75-a422-90304c82f9d7,280.0,213.0,189.0,388.0,1
fe83e190-f2d6-4998-9f82-b1ccd5bcb863,232.0,434.0,172.0,255.0,1
00a05408-8291-4231-886e-13763e103161,156.0,187.0,173.0,371.0,1
00a05408-8291-4231-886e-13763e103161,491.0,194.0,156.0,222.0,1
1462ffd1-939b-49b7-9234-eeeb7f4986cc,606.0,345.0,157.0,348.0,1
1462ffd1-939b-49b7-9234-eeeb7f4986cc,238.0,354.0,198.0,328.0,1
1c049d3b-394b-47d6-9b54-405d46db1ad7,654.0,433.0,95.0,118.0,1
2017d9e5-6f8b-42f0-97e1-ac5d29f9de60,712.0,335.0,137.0,283.0,1
23ab8dcb-0331-42b0-8058-45676e48675e,205.0,523.0,195.0,211.0,1
267daad6-b373-4a1a-94b5-c2dc02f506f6,249.0,443.0,171.0,249.0,1
267daad6-b373-4a1a-94b5-c2dc02f506f6,585.0,426.0,133.0,265.0,1
2b885980-3f3c-452f-9ca6-af215dbfe61c,598.0,571.0,168.0,200.0,1
2b885980-3f3c-452f-9ca6-af215dbfe61c,215.0,629.0,172.0,132.0,1
2cc72d62-1144-4fe9-a4ab-da083ad11392,708.0,380.0,183.0,300.0,1
2cc72d62-1144-4fe9-a4ab-da083ad11392,371.0,404.0,177.0,283.0,1
2f200e3f-8e4c-4675-948c-8226cd65163a,639.0,337.0,201.0,352.0,1
2f200e3f-8e4c-4675-948c-8226cd65163a,143.0,306.0,234.0,340.0,1
2f686840-18b3-45ac-a2bb-6140e3b0ac73,756.0,581.0,211.0,143.0,1
2f686840-18b3-45ac-a2bb-6140e3b0ac73,358.0,547.0,139.0,126.0,1
2f686840-18b3-45ac-a2bb-6140e3b0ac73,751.0,316.0,154.0,177.0,1
308e8db6-f833-45b2-adb7-0f019ff96135,598.0,592.0,183.0,135.0,1
