patientId,mean,std,min,max,range
00a05408-8291-4231-886e-13763e103161,0.027185689802555778,0.03370025749762297,0.0002325401131693,0.1042272805064998,0.10399474039333051
020380f8-5c5a-4ded-bdf3-9ce3036945b4,0.02287754788912653,0.0341404620786117,0.0,0.0929671553162989,0.0929671553162989
03249840-0a17-448c-bf41-7e156428ab59,0.04393076004469787,0.027897573413432634,0.0067168736006444,0.0876305662450933,0.0809136926444489
06893030-14ab-456d-a22d-05070773e370,0.05012564883367585,0.07072202524745375,0.0008257113821132,0.2290171606862488,0.2281914493041356
068b608d-f71c-4859-b909-62c1665b507f,0.00556684304020429,0.005094260363297395,0.0,0.0132752761257293,0.0132752761257293
06a4f477-34ca-4625-945b-81bfa9e77273,0.13234449634203213,0.04583001930817973,0.0334073525783205,0.1873228257170952,0.15391547313877468
06cc9b59-b8ff-4a6b-9e5b-f127c7c1208d,0.03096696205173185,0.04751277759233091,0.0,0.1478722203407293,0.1478722203407293
08d8e57a-4835-445b-8c79-8dd31ab17819,0.06684390020141892,0.05171328867317202,0.0139192139737915,0.1770483492806684,0.1631291353068769
08da8f40-b186-473b-9fa3-1caa4ecdc02b,0.06918002626183012,0.015545996223718385,0.0357899240560411,0.0853620264514491,0.04957210239540799
09137a8c-017a-4bc3-8195-1d152b992cd0,0.07597952334786864,0.04253726816368095,0.0120498653413632,0.1255171987895617,0.1134673334481985
0949d712-9d3c-424a-99b5-423a598d8b97,0.04552570009223658,0.03674893652223975,0.00016583747927,0.0925724637679482,0.0924066262886782
0a9c4c04-5918-48da-9ba1-b2a3add66ae9,0.06094264864320974,0.05793850324287433,0.0010902554733768,0.1445608597513241,0.1434706042779473
0adcbadd-6b95-4692-bdfb-6a03d51af237,0.136765694298167,0.054284831821129406,0.0859870179457151,0.2749686211222207,0.18898160317650559
0af9ad69-4d76-4de9-b93a-294478a97866,0.1023872202651392,0.05617898260189572,0.0091788231437419,0.1599472494347149,0.15076842629097298
0bed2d9d-8a11-41d9-b312-41f8c93791f7,0.030936337483437593,0.044524815598931365,0.0,0.144284572341934,0.144284572341934
0c15e437-7eea-4ed1-b1d8-124f79cc1893,0.05810665719448449,0.0328850766968349,0.0037188545927819,0.114253276911844,0.1105344223190621
0f831256-0a69-4fe5-9719-1563d2b6b7b9,0.04292714052732942,0.04588412327812413,0.0,0.1163130943670573,0.1163130943670573
1004476c-1b00-4ccd-9c72-193b6a048e15,0.054816503677505436,0.05135297855866225,0.0013601476731746,0.1346323205634801,0.1332721728903055
10866808-61ec-41fa-aefd-89eedfbaec04,0.07551343788410958,0.05035492223039168,0.005338932213554,0.1448968438310254,0.13955791161747141
142c7419-9cd2-4436-8860-cd2c4355abff,0.05813628951068813,0.03657592017369734,0.0184025801555594,0.1186308221318544,0.100228241976295
1462ffd1-939b-49b7-9234-eeeb7f4986cc,0.055761932014456936,0.04667366156156899,0.0044320196372532,0.13524969173849,0.1308176721012368
1636e48a-74eb-48d3-9a84-83f99af0a1fc,0.10065839188753253,0.03303074220019812,0.0514440433212794,0.1371641981071437,0.0857201547858643
16e5a578-1e41-4fa1-ba13-bf18051625cc,0.07769309414318629,0.05786282088460438,0.0068586011643644,0.1706615976632339,0.1638029964988695
17af8e70-3af0-4a47-a5ba-f16938c87c7e,0.09783258473451527,0.10102185049247984,0.0182178217821637,0.3071995118971861,0.2889816901150224
1c049d3b-394b-47d6-9b54-405d46db1ad7,0.045900043237729025,0.03444277719620656,0.0,0.0911468812875429,0.0911468812875429
1f393b78-0251-4f0c-8ca7-39fc54f8ddc2,0.01177053123377063,0.019476804355538464,0.0,0.0630712979889157,0.0630712979889157
1f45c8c0-4475-45e9-85e5-0cf139d0572b,0.03843753273025822,0.08105731212186108,0.0,0.1963610160327934,0.1963610160327934
2017d9e5-6f8b-42f0-97e1-ac5d29f9de60,0.09938673713488,0.048553598873186284,0.0334261838439668,0.1842225262195102,0.1507963423755434
2090a3aa-9ba3-42a2-baa3-f0bfa4f783f8,0.04884656133782434,0.022383085610437933,0.0167177486765038,0.0939889072102663,0.0772711585337625
23ab8dcb-0331-42b0-8058-45676e48675e,0.04024823887756878,0.04358023453187493,0.0,0.140963511972433,0.140963511972433
25651f11-e9b6-423e-a9d0-d20347cb4caf,0.06322907792543911,0.03892465730415073,0.0186964302533584,0.1263799208497571,0.1076834905963987
267daad6-b373-4a1a-94b5-c2dc02f506f6,0.03404391057334298,0.036366119971244754,0.0041523740747389,0.112733820145931,0.1085814460711921
2b885980-3f3c-452f-9ca6-af215dbfe61c,0.00856113610974941,0.016559899757403188,0.0,0.0529219682467594,0.0529219682467594
2cafbcf4-4191-44a1-b81e-b3b6c75ecc7d,0.00368715560575313,0.009830420734035412,0.0,0.0312015503875364,0.0312015503875364
2cc72d62-1144-4fe9-a4ab-da083ad11392,0.07051503698934324,0.048350151628661645,0.0040044493882061,0.1406065711877501,0.136602121799544
2f200e3f-8e4c-4675-948c-8226cd65163a,0.06927538479939828,0.0480928126192825,0.0059038027435284,0.1417778069771094,0.135874004233581
2f686840-18b3-45ac-a2bb-6140e3b0ac73,0.033560219607773625,0.01952064257924732,0.0034091956141127,0.0550440934198516,0.0516348978057389
308e8db6-f833-45b2-adb7-0f019ff96135,0.01826189386158832,0.038830598274415554,0.0,0.1212377409534642,0.1212377409534642
3239951b-6211-4290-b237-3d9ad17176db,0.09845038412062898,0.02836450020571705,0.0708296277473822,0.156569468267474,0.0857398405200918
32c3e235-1885-4aad-b4ad-2ef8583fbb78,0.05299953023399036,0.050303763889514554,0.0,0.1102112116879304,0.1102112116879304
3397d218-ad10-49dd-a3e0-9b1ee6d3d91d,0.01022809038689053,0.017206066445682747,0.0,0.0476256403155923,0.0476256403155923
339907f7-5f76-40b4-8476-9c3460417d16,0.09545434332244634,0.0623025389779454,0.0094182561955908,0.1743774211399145,0.1649591649443237
3460d66e-b863-4d11-8d55-14b559ec1588,0.08153264041354613,0.024235808436786715,0.0450003872666544,0.1192036499377357,0.0742032626710813
34aca5a7-7786-4060-afea-cf31d8fc05d6,0.0637218966530714,0.04816549425999985,0.0010297600659035,0.1482400188989508,0.1472102588330473
34c83691-e038-4b28-b2c3-7fe99d4783c8,0.1465175679212975,0.06928051250943709,0.0204549265075613,0.2485640043761976,0.2281090778686363
36200569-a271-4fcf-819b-1bd00e626534,0.06211221221239442,0.04143406871997202,0.01751727706123,0.1535045456449145,0.1359872685836845
36fb7333-2dbf-4be3-a424-6739b2090dee,0.09016377148327728,0.05920457272652102,0.0047383157441275,0.1840101522841082,0.1792718365399807
37f025d9-05c0-4e27-9a75-2e6a2085fa30,0.00391715759222591,0.007212723092613797,0.0,0.022051923678414,0.022051923678414
3999dbf4-b2a0-45b9-9ee6-5f62f5bd27c9,0.09035704508079156,0.04270045763489919,0.0154629992517848,0.1456767295091266,0.13021373025734181
39a52f1d-c8ca-4d68-8b84-817f382febdc,0.09754331284629789,0.029833065925285538,0.0325163150705598,0.1321767348975985,0.09966041982703872
39ced0d0-246c-430d-9bea-efc60bfa487c,0.028176324941738877,0.019586922500082225,0.0,0.0555700156167938,0.0555700156167938
3a58fb6d-911e-419c-b00e-b7d29918baf1,0.02385712208100935,0.020677466047626044,0.0,0.057033527696689,0.057033527696689
3a5c1a62-279d-4c69-b3e5-394e34518b73,0.09062086387200452,0.02839163770886043,0.0380517935059675,0.1243171914318651,0.0862653979258976
3b01037c-d534-4829-9ec8-81119a652602,0.04294347799070875,0.023763159711865187,0.016273822668131,0.086978845758838,0.070705023090707
3b4b5587-e5b3-4609-83a7-acf33a0b5803,0.07719814013167856,0.02743848589483652,0.0414990790512192,0.1215138635903171,0.08001478453909791
3ccd18df-0b1a-4a0b-ad46-00b602382ba6,0.08771793327216622,0.03600190003425413,0.0394164930038467,0.154639857133306,0.1152233641294593
3cf1aff4-8d32-498b-a7fe-d2a6a5292d3c,0.06954521383188357,0.05304123737067064,0.00019517526739,0.1308089500860008,0.1306137748186108
3d070009-c877-4ed4-ac80-53781cb30fef,0.09389612892480076,0.030869683141730626,0.0386038710364371,0.1280397883352722,0.08943591729883509
3ecaa81f-9128-4e65-951a-091280adb30d,0.05234581314756039,0.05072930080953264,0.0,0.1487349397589465,0.1487349397589465
3ee66e0c-e360-4e76-ba81-b65f8600ae32,0.040452012166480575,0.04157975564354991,0.0007371913011421,0.1163651315788676,0.11562794027772551
3f2b878e-9e3b-410b-a739-b43d81b98692,0.04239195303075445,0.039035915888663016,0.0,0.1086797066013341,0.1086797066013341
3f30761d-5615-4039-a155-0fd26f461742,0.03816681763556186,0.03583733419915663,0.0019769014670669,0.1157455683001787,0.11376866683311179
3f37ab54-2eae-4feb-9831-4fbfe65a0229,0.033545856036594615,0.035591868982566346,0.0,0.1139354311400785,0.1139354311400785
4007ffd5-5e8e-403d-8755-72ecaa2fce43,0.04107586642367679,0.043712154999261156,0.0007533666070244,0.1183961271310056,0.1176427605239812
40c31d96-78f1-4d21-984b-db5c143a43e4,0.022695383944427168,0.031176331060779234,0.0,0.0826804467409857,0.0826804467409857
44c3f553-5e5d-4a75-852b-2f8b8315270e,0.08385637580559277,0.02711049474899921,0.0455658783783591,0.1370901074675589,0.0915242290891998
4672156e-25e5-4bf4-8891-9e0e4a742c49,0.03933558437655625,0.030064551242130762,0.0100992512624005,0.0965973534971035,0.086498102234703
47b6aa0b-bd34-42a0-a0ad-469a1c6e3e1e,0.04834279584908781,0.03774841624424323,0.0151851629553957,0.1416807289907919,0.1264955660353962
4c645f41-0960-4544-9ec5-706d70db8c54,0.07188310708384642,0.07021755838355802,0.0,0.1694128054848117,0.1694128054848117
5003f421-e6d3-4c2c-b713-eba27a9078c2,0.08821309884619975,0.04002471310789019,0.0205060903088133,0.1299786547980698,0.1094725644892565
52816546-4463-4a7f-a120-7d492a86a524,0.033934421302715886,0.02866941950909033,0.0082900519376665,0.1000326904215974,0.09174263848393091
53e69b04-f8ec-467c-911d-a039065ec631,0.05369838258685431,0.047636574810786536,0.0,0.1235166139239284,0.1235166139239284
55211b4b-62e6-4d9f-8b0b-72525ed68e6f,0.07298268488008755,0.05707945362722384,0.0090017409027179,0.1458674896324882,0.13686574872977028
564eac4e-bec9-4cd6-94cb-cc6ba78983b9,0.0710175096672257,0.03813508452403636,0.0022731405710108,0.1116377571600326,0.1093646165890218
56511fc0-4881-4ba9-bb78-d5b3a600cf6f,0.02701454132476014,0.025542280571245503,0.0,0.0802380689958335,0.0802380689958335
58e3c190-8ab1-465c-bf3e-22a2deb0b9f2,0.11074324361813903,0.04546199898793742,0.0316826031111519,0.1535945104921777,0.12191190738102581
594df72e-4237-41a1-8712-73f91c596cb4,0.022419908052228522,0.016517619976218124,0.002952340784476,0.0464246424641953,0.0434723016797193
5973a2ae-a2f9-404e-930d-0d7c96f756ef,0.08367521684201003,0.05604061331416628,0.0071841104380864,0.1787657306148382,0.1715816201767518
59cdf0f8-72cf-414c-8c16-1140498012c0,0.01542829547721892,0.014448297973244923,0.0021215524772218,0.0528385997114817,0.0507170472342599
59fbc2d1-41a6-4a64-ade7-9b951273184e,0.1461691574063925,0.06449162982870293,0.0255428839243668,0.2639838259360123,0.23844094201164548
5b1b89b6-59e7-4275-b68a-5c0c4704d668,0.049106386107392805,0.04119855078422388,0.0052937378954095,0.1006502685890576,0.09535653069364809
5e3c7f02-5622-4d7d-83a3-6555eb5839d3,0.0636336351193007,0.03250161297681608,0.0264148822570525,0.1099428710343321,0.0835279887772796
5ed67fd4-8c5e-45ef-9d0c-1f8fef1e2fc2,0.09357268305094854,0.0418941782954761,0.0293838262301124,0.1383850409691586,0.1090012147390462
5f1863c0-7804-419a-878d-b9719f354b22,0.00945846200594819,0.011997150076903319,0.0,0.035539437896581,0.035539437896581
5f47b009-71fc-40d5-8c16-278331ecb652,0.1128773913138604,0.03791548016744174,0.0374341882818734,0.1643716794968207,0.1269374912149473
647b7bbc-5cfb-4776-b157-838a4264d318,0.0791789211606507,0.05379389826902423,0.0121671258034754,0.1688759278894898,0.1567088020860144
6735932c-c8ca-45d5-be56-1ff682a3182e,0.02781760397258427,0.029472400582066762,0.0,0.0736374508797648,0.0736374508797648
6dad7d7d-5e28-408b-9315-a74c48d88097,0.01606001479628414,0.011342397543094112,0.0,0.0328786288911632,0.0328786288911632
6e2aacb3-74b4-4909-afd1-5e9765df303a,0.14800526610581982,0.06636490372280512,0.0219185881013254,0.2281061850025806,0.20618759690125518
6ec7e05c-1bbe-40ae-8d65-ec917da68f16,0.06726911276038423,0.045548906958764755,0.0220462464364763,0.1519457336664391,0.1298994872299628
6f0d2ff9-c0dc-48c3-a944-1f18dc185e1f,0.05521306340764791,0.0820269997365289,0.0012962526514243,0.2526905499037997,0.2513942972523754
6f964e55-2f17-4361-b6f2-3af8e5d6e55a,0.10660984687428934,0.05958372849329792,0.0189019365471678,0.1842562107152443,0.16535427416807652
71212080-ccc5-4e0f-bfc1-95710057baea,0.046249069774798326,0.09151755822272846,0.0,0.2600140548133169,0.2600140548133169
7302e6f8-50b1-4b00-a299-c5d1dc4c1c76,0.08705227671012343,0.05079949095551383,0.0214369846878512,0.1841602184795774,0.1627232337917262
73b46983-7780-4d82-874a-d9255dd639cb,0.02454043284917306,0.02429499655120231,0.0,0.0619632712378623,0.0619632712378623
76cf9b95-b598-4788-9a10-77061046ef98,0.047268371564490645,0.02723735651036027,0.0091367359798217,0.0826432313671072,0.0735064953872855
7759e7ae-641f-4504-b373-95a8763dc59a,0.07624532828917678,0.048501574098403,0.0162565905096422,0.148270726460122,0.13201413595047978
775c8468-399e-49a9-9fe4-07e75071abe7,0.047695178052915364,0.0691437785347197,0.0,0.2231357770923568,0.2231357770923568
77762e93-073c-405f-bca5-0f1fd339bf4c,0.09430004277792929,0.04914715072561937,0.0422575976844846,0.1720097640356614,0.1297521663511768
79bb5ea3-ca6c-4d75-a379-a6ee6c6da659,0.021010617225248728,0.02898120970340607,0.0,0.0846245530391644,0.0846245530391644
7a477b7b-f2d2-40ac-a20d-661887491d6b,0.04562632723168489,0.031038862966350275,0.001631321370308,0.0932214167619315,0.09159009539162351
7bb1c647-d8d1-4640-b495-f41c4d2a34ca,0.05951358374021236,0.05752349199565728,0.0093423478795214,0.1819490427520052,0.1726066948724838
7c142fbc-8cd2-4b09-a687-c0253a2a3b06,0.01168769788254605,0.019865715859827944,0.0,0.0516141889197855,0.0516141889197855
7e4e7293-a984-462e-8d9f-c7a30863dae2,0.08999574249138684,0.025138310924120544,0.0530700658168349,0.1301859799712713,0.07711591415443639
8182a93c-4137-4fcb-b983-9814e7a09926,0.03635471237130875,0.06636258085451574,0.0,0.1708631331437534,0.1708631331437534
81a51c71-28ab-4a62-bb1b-458117d8234c,0.026297720223175697,0.039074299992756516,0.0016879672052072,0.1116859946475364,0.1099980274423292
84309ddd-319f-4e6d-b312-2bc70537b074,0.06953480025991525,0.049051570170365134,0.0154113557357874,0.1618933969767145,0.14648204124092712
852156be-0aab-4dc7-95d6-eda950096d0f,0.05977126387129219,0.048024259648098644,0.0060118386977376,0.1603371026241088,0.1543252639263712
8768a800-28e8-4ae4-83ba-2f4326b2d3ac,0.08901942282691962,0.03345450104361334,0.0412273202241658,0.1367973449491097,0.09557002472494389
8782c8e0-8592-47e0-95df-ee8224d6dec8,0.10327365099029964,0.048154428904178925,0.0132079780755126,0.1487699611566039,0.1355619830810913
8c984367-b094-429a-b8cf-a9aba99e8ff9,0.04259880258058239,0.02679173013244818,0.0047294061302653,0.0776293823037898,0.07289997617352449
8d48694a-f998-4043-bc98-63a3c18527f2,0.08586670098044055,0.030633852583153418,0.0232511696907385,0.1208087247273145,0.09755755503657601
91c00a0a-b2fc-446c-930a-0567100f54e7,0.07806687657511985,0.05736641538524922,0.017232570021823,0.1940461261653159,0.17681355614349292
93351a14-30a7-494c-a02b-7f2d72c724c8,0.08022366511862569,0.03595180741375726,0.0293027149862339,0.1393645189761079,0.110061803989874
93a95c68-c487-4e09-89e2-6e3849e44886,0.10617833426871555,0.03486420597228087,0.0601524795411204,0.1692509449971694,0.10909846545604898
94a7ba94-9251-42c8-84b6-c3cac85a78ec,0.06616339807228691,0.02094116392887547,0.0326887086712312,0.0901188633893878,0.057430154718156594
96f34fa9-0e56-4fdb-bfd7-781d8c453bcb,0.07448513644775004,0.04365143623389105,0.0229750322353499,0.1428758512308238,0.1199008189954739
972128de-cda3-4ede-a5a1-61c05bfe49b2,0.01729095106085935,0.01522584436823702,0.0,0.0415580045427428,0.0415580045427428
98325e35-8c87-418b-a7c3-81b1180e85ea,0.04458687227330492,0.023498526091719103,0.0199475065616588,0.0832961641390685,0.0633486575774097
9c3ec0a7-6816-46e0-b797-8412bacea535,0.09352314057661001,0.05148013758706507,0.0232418111753091,0.1803028198358379,0.1570610086605288
9e7bd306-471d-4c5c-aa53-a9d24e0779bc,0.11031058620195162,0.04013137016125924,0.0531847317664415,0.1771767895177324,0.12399205775129091
a2a84bc3-c75b-4df6-840d-e118b61594d4,0.05924581121609394,0.05196205255764907,0.0081236482565763,0.1636728977652294,0.1555492495086531
a37dc7a9-8b22-461b-99d2-c77109da8220,0.08401050558378834,0.029749097609901392,0.0462073324904891,0.1324666438589583,0.08625931136846919
a3c04f4d-3621-4679-872b-fad6dd79a4f8,0.06233081611181024,0.055559096136009754,0.0078060319337577,0.1682204551684011,0.1604144232346434
a3e9eaec-d502-4e5d-abc9-bb5e28742b83,0.026012603235189207,0.03051584099426032,0.0,0.0852819807427296,0.0852819807427296
a41249dd-3195-4d4d-bcaa-7ea2178e2d68,0.05625485209571548,0.03578954572925628,0.0124085019767438,0.1001276052743087,0.0877191032975649
a5a07f9f-959f-4210-ac86-6cdab44b099b,0.06483837185293324,0.07279970053641699,0.0026757704373475,0.2093256176271874,0.2066498471898399
a6905106-5479-4725-b81f-532376d24222,0.07927844341449783,0.04654106383641972,0.0003239390994491,0.1254156986013733,0.1250917595019242
a74060c8-870a-47e1-9bc9-c1226caf9a87,0.04763674115128137,0.038023538144604546,0.0,0.1109683448194008,0.1109683448194008
a797f1b9-aa61-4ee3-91f2-e8a823d42b1a,0.09543332592594457,0.019775736807861433,0.0605481914176419,0.1182375410855117,0.057689349667869795
a9bf1010-e610-4b41-814d-99a4250d00c3,0.12123833189281297,0.025971458722080683,0.0714652390730157,0.1528840842735923,0.08141884520057659
aaa04d93-39da-47c1-8736-a1a2c85114af,0.00211289472105697,0.006050947750944446,0.0,0.0192521877485771,0.0192521877485771
ab6619ee-546c-4245-be8d-6e0eece3581a,0.06782334311517998,0.03150298478453527,0.0133731296999715,0.1179866575435691,0.1046135278435976
ae3f4d88-7880-40a1-aa43-4481dbc330ea,0.02243769256353888,0.021379509154709434,0.0,0.0721117131531793,0.0721117131531793
afff57ee-fdb2-408a-a01e-7814931892e0,0.0998072109034857,0.06616919519182493,0.0084500430326232,0.1846507352940327,0.1762006922614095
b00b6900-8b72-41db-a443-e1fbce442336,0.03989670221611265,0.03553934741170756,0.0004220426866029,0.1042859044322479,0.103863861745645
b1a36998-390d-45e5-bd85-21c2c33690f3,0.09775445815517082,0.05251780765100771,0.02279372674108,0.1769519002828042,0.1541581735417242
b267ae3f-b52c-403c-be9d-c8ac9070020e,0.05173905125054694,0.05816720302701621,0.000920716112531,0.1901228560999998,0.1892021399874688
b2753475-d0b2-4dde-8a7b-311e1db27397,0.036004076318244635,0.03267775970779945,0.0,0.1062690200850806,0.1062690200850806
b35dfbda-395c-4c9d-befb-331f6ac3da84,0.06838285008968112,0.025682827391589412,0.0207844275050719,0.1068180518217391,0.08603362431666721
b3e8a708-d8e1-434e-92ca-5d5e79aca86e,0.03135646238734042,0.03111041355593446,0.005724367771023,0.0951669370676734,0.0894425692966504
b4299b1e-7fb8-479d-8754-0a8fa6463400,0.07677972285632094,0.045358459161541506,0.0136165736492962,0.1308188812100238,0.11720230756072761
b468a5c0-3e86-46d9-84f1-8a0dea47c854,0.03310701840541997,0.028442935342136128,0.0,0.086666406524335,0.086666406524335
b4f66208-8c31-433c-9f82-72104bc35112,0.00688363986703147,0.01192959541180656,0.0,0.0351601188510479,0.0351601188510479
b58b5574-d66b-4b28-8ca3-137768b44c84,0.01328929021970383,0.0252596197072809,0.0,0.0756418514768789,0.0756418514768789
b7069aa5-9e33-4918-aba2-f76b0abef6a4,0.09175963777215773,0.0795161986241618,0.0102645985401381,0.232331663884036,0.22206706534389792
b8a563db-5bfd-4638-9b55-30c3a230485f,0.0642798698747559,0.07071976655870355,0.0015067805123038,0.2014943359843317,0.1999875554720279
b9c3ed83-82f0-47da-9aed-aaff0034c718,0.05016631976305456,0.03424313517435552,0.0135101415178364,0.1023573200992159,0.0888471785813795
ba185597-bb80-4b69-938e-4bff4b87d366,0.0512126588643775,0.03835185839133595,0.0047531340977929,0.1124925991710331,0.1077394650732402
ba29c8c8-c116-4b8e-b8d6-ec870ca9f9e5,0.03908102884108301,0.0244910823156749,0.0030300329738855,0.080549155145852,0.07751912217196649
ba63abc0-5a00-4ebd-9a89-0972ea1cb7d5,0.0813144204822966,0.028919900905827984,0.0396376583935386,0.118056142129088,0.0784184837355494
ba8d3130-4063-4339-bbfa-474259060f5b,0.07402654086313343,0.05962341590484002,0.0,0.1723367587922561,0.1723367587922561
bb1648ed-992f-482f-b3a7-0a21237c8972,0.07955379409566385,0.03391687441044106,0.024294109215978,0.1311332700220551,0.10683916080607711
bb6164ee-9b30-4b94-85ca-5f9d94b2ce4a,0.09803991181819752,0.043996907539782644,0.0241772741384569,0.1468862717829964,0.1227089976445395
bbc0f839-6707-42f6-9e56-c3f555d6b9c0,0.07463823876311078,0.04751869985818006,0.0124364359938025,0.1293385118056042,0.11690207581180172
bca2c151-2431-4595-80c7-75480a196c6e,0.00585870503394152,0.010331142667015871,0.0,0.0255694342394921,0.0255694342394921
bcee03c8-2ff9-4b01-a6d6-a4ee99565d81,0.04871915263570155,0.03851851765323438,0.0105590902937545,0.1393467643466934,0.1287876740529389
bdbba1b5-1a3f-4ee4-9044-565baba3f976,0.039647041105248707,0.019289991111327096,0.0120591286307001,0.0753651143565374,0.06330598572583729
be108ff0-e920-4b6e-901d-ce8a800f6191,0.07474250620099424,0.05461857771026733,0.0011653925041948,0.1405129839094362,0.1393475914052414
be367de2-d888-41df-90bd-82baaa80541f,0.0241976124012086,0.03735833523603807,0.0,0.1067160792617556,0.1067160792617556
bf11da89-d0f0-4c1b-b486-d82bbcb91ed4,0.12126054473160393,0.0625659175090259,0.0085508299334887,0.2041905778725449,0.1956397479390562
bf1e2342-1f62-4f96-a616-e0a279d9ba42,0.108124978604679,0.05198806772275497,0.0458558439846945,0.192159415210438,0.1463035712257435
bf6071e6-0a92-4896-83bf-f0f24cd1b4d6,0.0738079055798778,0.06159900599187653,0.0,0.1571446588470713,0.1571446588470713
bf999eaa-6bce-46f8-be87-1dc34ca20e97,0.05172720612559929,0.04341780851089989,0.0014189041693937,0.1484541244208931,0.1470352202514994
c2ed72cd-0390-46c3-ac73-601b1a875d5d,0.07418118567114902,0.023947367453358508,0.0293765831691424,0.1094721674502845,0.08009558428114211
c2ee643f-0568-4816-9fa5-19d50cde5386,0.11527782370669201,0.06410805929636658,0.0352291251584538,0.2161932120436044,0.1809640868851506
c573cb3e-54e6-4ff0-bda4-1fd7621ee0cf,0.07538200679848886,0.03860729006844838,0.0204428120993657,0.1181093394077,0.0976665273083343
c574a647-fb1f-4344-9568-892f4d66f4ed,0.11063592852042577,0.05643192555046933,0.0100550309124192,0.1923169460259906,0.1822619151135714
c69ffd64-16bf-4237-b169-f7bab69978e4,0.04290825380568401,0.02657238112344767,0.004661365505892,0.0824224519940307,0.0777610864881387
ca1470f8-20fe-4e11-ad99-9c83248e7b11,0.0600453400672223,0.06692397815472312,0.0013073523003166,0.2011949215831208,0.1998875692828042
cd4f439d-61be-4ecb-bc27-383f9cd29569,0.09372997788801174,0.057511548004976154,0.0100638066089069,0.160507807843509,0.15044400123460208
cd7ed4b2-eae7-4fef-ba8d-5c1825efc0f7,0.068461991491983,0.07390843137401806,0.0,0.2223989818641069,0.2223989818641069
cf1ea4a8-9530-4ddf-969d-c5570838ae11,0.11588653085799694,0.026546408969652782,0.0627747577404572,0.1548102111047538,0.0920354533642966
d03f855d-a0b8-45b9-afdb-8844186c11eb,0.07485548206015066,0.05450796520713521,0.0136484419035294,0.1519491215226244,0.138300679619095
d16488a8-5cfd-4051-bb2c-d7f7c88009e2,0.03610938943115276,0.05079969837100744,0.0,0.1428571428569969,0.1428571428569969
d173cb76-6a90-471e-bb22-dbe16573ce6c,0.0377384320076306,0.0480931122812413,0.0,0.1510603139628875,0.1510603139628875
d187294d-3dff-4de1-9bef-90a4f4c76cef,0.09497398512652175,0.057670366618944126,0.0041637465473866,0.189645909645817,0.1854821630984304
d27e22bc-ba0f-434f-a4f5-cdd9a24e598f,0.06787576318437566,0.054104513171273426,0.0068102746317219,0.1697772426247787,0.1629669679930568
d561ede1-9992-4d20-a935-53a32a8c05d1,0.05806798329713912,0.027022272236178327,0.0230469104436774,0.1022582852672771,0.07921137482359969
d5d46405-ff85-46fa-9c3b-2c21ad366f76,0.0,0.0,0.0,0.0,0.0
d974dbc0-5e7d-4aac-bda5-f29096aeeb5a,0.014822073886847831,0.01633803638781954,0.0,0.0371424698386374,0.0371424698386374
db4414d8-4ce8-4e92-b543-e9d42883f58b,0.022996994603349842,0.034711252094345516,0.0004824702476672,0.0925535651561423,0.09207109490847509
dda53143-9bcc-4c5f-aca6-970626733e17,0.00676113442479698,0.013109777143590556,0.0,0.0346496322105407,0.0346496322105407
de0ee373-dd0c-4f75-aa2c-c356d203696e,0.03394358879999669,0.03424703968690508,0.0001202935161793,0.1000264620268589,0.0999061685106796
dfed644c-9548-465a-b962-78ead3498f38,0.04780714769651932,0.03971272872263318,0.0078151382121627,0.129304286718131,0.12148914850596829
e6a3f420-39d4-4042-8485-87024e7fb4f3,0.09090630188810703,0.047765544374610766,0.0491482279224112,0.1865795592955524,0.1374313313731412
e8659775-8a7f-40c1-a3a9-abdc85ba4fd4,0.018307640728592527,0.01657238466994473,0.0,0.0514103098512555,0.0514103098512555
eadbf3c9-f034-4b29-9a46-b90a16978a2a,0.1199529484096811,0.08429460759085228,0.0002089209234302,0.2396426721902645,0.2394337512668343
ed38283d-165f-481b-bbb3-5532450b82c1,0.04266722984413866,0.028942664361585987,0.0065966737898294,0.0926878466968303,0.08609117290700091
ef7cd600-75c9-4b07-bb0e-f66e857fdafa,0.049150371917822636,0.04479906690543535,0.0054302422723399,0.1247663551399925,0.1193361128676526
f21a2acc-e6f1-4132-b094-83c9e94a5e7d,0.08502817443315355,0.03817038204195723,0.0272606900848763,0.1386514719846856,0.1113907818998093
f27252da-ac5d-46b2-8df9-32e09763574b,0.05122602472023928,0.042125614848984215,0.010508695247828,0.1460816369579727,0.1355729417101447
f4ed7de6-fcbb-425f-9a20-9ef2dda05d78,0.027225573631631073,0.03402506352665725,0.0,0.0952298050137617,0.0952298050137617
f638a33c-ee3e-4179-a095-4fec05ab51e5,0.11890083448494684,0.07122673807175543,0.0113447572032034,0.2267388300321126,0.21539407282890918
f73ff426-6e28-476e-82c6-31d3603a1cc3,0.0462024794858588,0.036945431266018104,0.0,0.1001501501499997,0.1001501501499997
f957afbf-fa78-47a0-942c-17b2f5262fc9,0.1210692756659117,0.08450225774109302,0.0095387840670759,0.2548534201951077,0.2453146361280318
f9883384-de94-4687-8c57-69d2e4a37c82,0.09607815141188449,0.046024610081367476,0.0394722728734962,0.1653439153437165,0.1258716424702203
f9bf7579-e589-4953-bd68-d92f44f0aa95,0.1113374612613867,0.08529842057627096,0.0274994173851928,0.3069512375866208,0.279451820201428
fb8167ad-76f8-4f75-a422-90304c82f9d7,0.0690252989085372,0.07312877912891219,0.0035687453042791,0.1961047683006535,0.1925360229963744
fe83e190-f2d6-4998-9f82-b1ccd5bcb863,0.06919611544877506,0.05557552459162493,0.0119399310684244,0.171750285062469,0.1598103539940446
